,Abstract Task,Input Data in Bytes,CPU Work,CPU Cores,CPU Work per Core
0,split_fasta,302,7,1,7.0
1,blastall,63060550,5408,8,676.0
2,blastall,94717316,27768,8,3471.0
3,blastall,117863807,44112,8,5514.0
4,blastall,138540082,58712,8,7339.0
5,blastall,131603243,53816,8,6727.0
6,blastall,120527046,45992,8,5749.0
7,blastall,91164785,25256,8,3157.0
8,blastall,117309436,43720,8,5465.0
9,blastall,127656518,51024,8,6378.0
10,blastall,106592219,36152,8,4519.0
11,blastall,117809726,44072,8,5509.0
12,blastall,109995991,38552,8,4819.0
13,blastall,124136566,48544,8,6068.0
14,blastall,138135876,58424,8,7303.0
15,blastall,131810821,53960,8,6745.0
16,blastall,94138971,27360,8,3420.0
17,blastall,131958119,54064,8,6758.0
18,blastall,117219904,43656,8,5457.0
19,blastall,104679914,34800,8,4350.0
20,blastall,134458751,55832,8,6979.0
21,blastall,120804277,46184,8,5773.0
22,blastall,87644787,22768,8,2846.0
23,blastall,130511950,53040,8,6630.0
24,blastall,115705521,42584,8,5323.0
25,blastall,128328599,51504,8,6438.0
26,blastall,97278471,29576,8,3697.0
27,blastall,117291834,43704,8,5463.0
28,blastall,120869919,46232,8,5779.0
29,blastall,104651849,34784,8,4348.0
30,blastall,101063144,32248,8,4031.0
31,blastall,119408566,45200,8,5650.0
32,blastall,116613387,43232,8,5404.0
33,blastall,131903143,54024,8,6753.0
34,blastall,136717001,57424,8,7178.0
35,blastall,111344993,39504,8,4938.0
36,blastall,134603249,55928,8,6991.0
37,blastall,113441491,40992,8,5124.0
38,blastall,93249892,26728,8,3341.0
39,blastall,128343873,51512,8,6439.0
40,blastall,97435396,29688,8,3711.0
41,cat_blast,69552159328,6,1,6.0
42,cat,69552159328,0,1,0.0
43,blastall,63060550,5408,8,676.0
44,blastall,119515349,45280,8,5660.0
45,blastall,111444738,39576,8,4947.0
46,blastall,131279639,53584,8,6698.0
47,blastall,88448581,23336,8,2917.0
48,blastall,87961350,22992,8,2874.0
49,blastall,99107500,30864,8,3858.0
50,blastall,125617886,49584,8,6198.0
51,blastall,126067894,49904,8,6238.0
52,blastall,108971476,37832,8,4729.0
53,blastall,91633803,25592,8,3199.0
54,blastall,132863903,54704,8,6838.0
55,blastall,116760819,43336,8,5417.0
56,blastall,85303824,21120,8,2640.0
57,blastall,72792220,12280,8,1535.0
58,blastall,130085358,52744,8,6593.0
59,blastall,110691886,39048,8,4881.0
60,blastall,90804352,25000,8,3125.0
61,blastall,106822249,36312,8,4539.0
62,blastall,122395635,47312,8,5914.0
63,blastall,117594078,43920,8,5490.0
64,blastall,117993363,44200,8,5525.0
65,blastall,99681852,31272,8,3909.0
66,blastall,134495040,55856,8,6982.0
67,blastall,111485257,39608,8,4951.0
68,blastall,134221620,55664,8,6958.0
69,blastall,125552157,49544,8,6193.0
70,blastall,123699662,48232,8,6029.0
71,blastall,122681179,47512,8,5939.0
72,blastall,107085734,36496,8,4562.0
73,blastall,107515791,36800,8,4600.0
74,blastall,124862124,49056,8,6132.0
75,blastall,127042194,50592,8,6324.0
76,blastall,81390996,18352,8,2294.0
77,blastall,84622308,20640,8,2580.0
78,blastall,135446027,56528,8,7066.0
79,blastall,136542172,57304,8,7163.0
80,blastall,92630922,26296,8,3287.0
81,blastall,110097972,38624,8,4828.0
82,blastall,78847371,16560,8,2070.0
83,blastall,109190577,37984,8,4748.0
84,blastall,129176883,52096,8,6512.0
85,blastall,103862724,34224,8,4278.0
86,blastall,130865967,53296,8,6662.0
87,blastall,134181624,55632,8,6954.0
88,blastall,97165942,29496,8,3687.0
89,blastall,71939919,11680,8,1460.0
90,blastall,80521311,17744,8,2218.0
91,blastall,92787001,26400,8,3300.0
92,blastall,137687358,58112,8,7264.0
93,blastall,63419901,5664,8,708.0
94,blastall,122497456,47384,8,5923.0
95,blastall,129478090,52312,8,6539.0
96,blastall,125781938,49704,8,6213.0
97,blastall,74564135,13536,8,1692.0
98,blastall,134245875,55680,8,6960.0
99,blastall,91083125,25200,8,3150.0
100,blastall,121603341,46752,8,5844.0
101,blastall,108110784,37224,8,4653.0
102,blastall,131610760,53816,8,6727.0
103,blastall,105473663,35360,8,4420.0
104,blastall,136136314,57016,8,7127.0
105,blastall,118520422,44576,8,5572.0
106,blastall,131242225,53560,8,6695.0
107,blastall,125304553,49368,8,6171.0
108,blastall,129832649,52560,8,6570.0
109,blastall,119637756,45360,8,5670.0
110,blastall,85730380,21416,8,2677.0
111,blastall,80893839,18000,8,2250.0
112,blastall,129201277,52120,8,6515.0
113,blastall,116633589,43240,8,5405.0
114,blastall,138872657,58944,8,7368.0
115,blastall,128789084,51824,8,6478.0
116,blastall,121364057,46584,8,5823.0
117,blastall,138843105,58928,8,7366.0
118,blastall,132151332,54200,8,6775.0
119,blastall,128294638,51480,8,6435.0
120,blastall,81376636,18344,8,2293.0
121,blastall,99910662,31432,8,3929.0
122,blastall,99633781,31240,8,3905.0
123,blastall,135641838,56664,8,7083.0
124,blastall,74912073,13776,8,1722.0
125,blastall,88195985,23160,8,2895.0
126,blastall,102268187,33096,8,4137.0
127,blastall,89237978,23896,8,2987.0
128,blastall,78117689,16040,8,2005.0
129,blastall,63060550,5408,8,676.0
130,blastall,95246448,28136,8,3517.0
131,blastall,101963215,32880,8,4110.0
132,blastall,138341576,58568,8,7321.0
133,blastall,122046703,47064,8,5883.0
134,blastall,89676684,24208,8,3026.0
135,blastall,139225547,59200,8,7400.0
136,blastall,87889098,22944,8,2868.0
137,blastall,72616644,12160,8,1520.0
138,blastall,116897997,43432,8,5429.0
139,blastall,110454110,38880,8,4860.0
140,blastall,103432402,33920,8,4240.0
141,blastall,133206370,54944,8,6868.0
142,blastall,117208840,43648,8,5456.0
143,blastall,130924235,53336,8,6667.0
144,blastall,80546476,17760,8,2220.0
145,blastall,105831050,35616,8,4452.0
146,blastall,91148586,25248,8,3156.0
147,blastall,128313623,51488,8,6436.0
148,blastall,87610844,22744,8,2843.0
149,blastall,115583486,42504,8,5313.0
150,blastall,67019049,8208,8,1026.0
151,blastall,127241410,50736,8,6342.0
152,blastall,63060550,5408,8,676.0
153,blastall,99972980,31480,8,3935.0
154,blastall,120563476,46016,8,5752.0
155,blastall,93507938,26912,8,3364.0
156,blastall,112261387,40152,8,5019.0
157,blastall,133855696,55400,8,6925.0
158,blastall,109213840,38000,8,4750.0
159,blastall,127850285,51160,8,6395.0
160,blastall,122062071,47072,8,5884.0
161,blastall,132743386,54616,8,6827.0
162,blastall,125107433,49224,8,6153.0
163,blastall,131873507,54008,8,6751.0
164,blastall,113553554,41064,8,5133.0
165,blastall,131848001,53984,8,6748.0
166,blastall,109048761,37888,8,4736.0
167,blastall,132418031,54392,8,6799.0
168,blastall,117630277,43944,8,5493.0
169,blastall,115678394,42568,8,5321.0
170,blastall,127858719,51168,8,6396.0
171,blastall,85726021,21416,8,2677.0
172,blastall,137903895,58264,8,7283.0
173,blastall,97455114,29696,8,3712.0
174,blastall,102188631,33040,8,4130.0
175,blastall,63060550,5408,8,676.0
176,blastall,111313784,39488,8,4936.0
177,blastall,92648846,26304,8,3288.0
178,blastall,104684282,34808,8,4351.0
179,blastall,124731163,48960,8,6120.0
180,blastall,121959201,47000,8,5875.0
181,blastall,97256987,29560,8,3695.0
182,blastall,123329103,47968,8,5996.0
183,blastall,77299558,15464,8,1933.0
184,blastall,116772254,43344,8,5418.0
185,blastall,72876659,12344,8,1543.0
186,blastall,123363351,47992,8,5999.0
187,blastall,122821246,47608,8,5951.0
188,blastall,137778879,58176,8,7272.0
189,blastall,114468892,41712,8,5214.0
190,blastall,79598934,17088,8,2136.0
191,blastall,130926280,53336,8,6667.0
192,blastall,120387185,45896,8,5737.0
193,blastall,128250396,51448,8,6431.0
194,blastall,121897146,46960,8,5870.0
195,blastall,103152500,33720,8,4215.0
196,blastall,132511415,54456,8,6807.0
197,blastall,129207106,52120,8,6515.0
198,blastall,123468824,48072,8,6009.0
199,blastall,101418796,32496,8,4062.0
200,blastall,116422547,43096,8,5387.0
201,blastall,104356857,34576,8,4322.0
202,blastall,63060550,5408,8,676.0
203,blastall,108144131,37248,8,4656.0
204,blastall,97038750,29408,8,3676.0
205,blastall,94869619,27872,8,3484.0
206,blastall,115810027,42664,8,5333.0
207,blastall,135522844,56584,8,7073.0
208,blastall,138081692,58392,8,7299.0
209,blastall,116455840,43120,8,5390.0
210,blastall,106883092,36360,8,4545.0
211,blastall,78319853,16184,8,2023.0
212,blastall,113667323,41144,8,5143.0
213,blastall,112734674,40488,8,5061.0
214,blastall,98351591,30336,8,3792.0
215,blastall,108506021,37504,8,4688.0
216,blastall,75059171,13880,8,1735.0
217,blastall,118124156,44296,8,5537.0
218,blastall,77845426,15848,8,1981.0
219,blastall,112276423,40168,8,5021.0
220,blastall,107962149,37120,8,4640.0
221,blastall,136728079,57432,8,7179.0
222,blastall,63060550,5408,8,676.0
223,blastall,101829930,32792,8,4099.0
224,blastall,129726978,52488,8,6561.0
225,blastall,109604581,38280,8,4785.0
226,blastall,130549496,53072,8,6634.0
227,blastall,113685069,41160,8,5145.0
228,blastall,90083101,24496,8,3062.0
229,blastall,82727092,19296,8,2412.0
230,blastall,110361573,38816,8,4852.0
231,blastall,130976512,53368,8,6671.0
232,blastall,98794805,30648,8,3831.0
233,blastall,128043903,51296,8,6412.0
234,blastall,94227933,27424,8,3428.0
235,blastall,111379256,39528,8,4941.0
236,blastall,75864726,14456,8,1807.0
237,blastall,92818515,26424,8,3303.0
238,blastall,82582346,19200,8,2400.0
239,blastall,105379051,35296,8,4412.0
240,blastall,88619503,23456,8,2932.0
241,blastall,112107355,40048,8,5006.0
242,blastall,110425971,38856,8,4857.0
243,blastall,127360926,50816,8,6352.0
244,blastall,128241069,51440,8,6430.0
245,blastall,130635443,53128,8,6641.0
246,blastall,138909496,58976,8,7372.0
247,blastall,63060550,5408,8,676.0
248,blastall,133369786,55064,8,6883.0
249,blastall,80951514,18048,8,2256.0
250,blastall,138593549,58752,8,7344.0
251,blastall,114969290,42064,8,5258.0
252,blastall,104407600,34608,8,4326.0
253,blastall,103354394,33864,8,4233.0
254,blastall,84739685,20720,8,2590.0
255,blastall,73736809,12952,8,1619.0
256,blastall,96655173,29136,8,3642.0
257,blastall,124558390,48840,8,6105.0
258,blastall,101201229,32344,8,4043.0
259,blastall,129188437,52112,8,6514.0
260,blastall,129953730,52648,8,6581.0
261,blastall,83396016,19768,8,2471.0
262,blastall,127003931,50568,8,6321.0
263,blastall,103283961,33816,8,4227.0
264,blastall,134227983,55664,8,6958.0
265,blastall,136434366,57224,8,7153.0
266,blastall,90748309,24960,8,3120.0
267,blastall,93036147,26576,8,3322.0
268,blastall,111150108,39368,8,4921.0
269,blastall,103668841,34088,8,4261.0
270,blastall,114365211,41640,8,5205.0
271,blastall,97232761,29544,8,3693.0
272,blastall,115388467,42360,8,5295.0
273,blastall,119109943,44992,8,5624.0
274,blastall,100314018,31720,8,3965.0
275,blastall,84568207,20600,8,2575.0
276,blastall,121173745,46448,8,5806.0
277,blastall,124124952,48536,8,6067.0
278,blastall,99740963,31312,8,3914.0
279,blastall,71989084,11712,8,1464.0
280,blastall,138332830,58568,8,7321.0
281,blastall,88155205,23128,8,2891.0
282,blastall,117574647,43904,8,5488.0
283,blastall,114479488,41720,8,5215.0
284,blastall,65890093,7408,8,926.0
285,blastall,63060550,5408,8,676.0
286,blastall,129429875,52280,8,6535.0
287,blastall,63060550,5408,8,676.0
288,blastall,131896305,54024,8,6753.0
289,blastall,94362068,27512,8,3439.0
290,blastall,124321060,48672,8,6084.0
291,blastall,122019455,47048,8,5881.0
292,blastall,124243550,48616,8,6077.0
293,blastall,63060550,5408,8,676.0
294,blastall,77246221,15432,8,1929.0
295,blastall,114765051,41920,8,5240.0
296,blastall,89124574,23816,8,2977.0
297,blastall,117702640,44000,8,5500.0
298,blastall,121828268,46912,8,5864.0
299,blastall,63060550,5408,8,676.0
300,blastall,73546146,12816,8,1602.0
301,blastall,128365650,51528,8,6441.0
302,blastall,127642550,51016,8,6377.0
303,blastall,130390100,52960,8,6620.0
304,blastall,109705384,38352,8,4794.0
305,blastall,113550695,41064,8,5133.0
306,blastall,100575539,31904,8,3988.0
307,blastall,97751045,29912,8,3739.0
308,blastall,92224833,26008,8,3251.0
309,blastall,90795733,25000,8,3125.0
310,blastall,79882042,17288,8,2161.0
311,blastall,63060550,5408,8,676.0
312,blastall,92933472,26504,8,3313.0
313,blastall,115742495,42616,8,5327.0
314,blastall,136492536,57264,8,7158.0
315,blastall,113378764,40944,8,5118.0
316,blastall,104754344,34856,8,4357.0
317,blastall,81593151,18496,8,2312.0
318,blastall,116206945,42944,8,5368.0
319,blastall,63060550,5408,8,676.0
320,blastall,113994392,41376,8,5172.0
321,blastall,128705837,51768,8,6471.0
322,blastall,112209740,40120,8,5015.0
323,blastall,81818393,18656,8,2332.0
324,blastall,133452745,55120,8,6890.0
325,blastall,126725611,50368,8,6296.0
326,blastall,64748548,6600,8,825.0
327,blastall,122533856,47408,8,5926.0
328,blastall,139139099,59136,8,7392.0
329,blastall,111190344,39400,8,4925.0
330,blastall,132116413,54176,8,6772.0
331,blastall,106042703,35760,8,4470.0
332,blastall,134854834,56112,8,7014.0
333,blastall,106715400,36240,8,4530.0
334,blastall,73177584,12552,8,1569.0
335,blastall,134447181,55824,8,6978.0
336,blastall,106041656,35760,8,4470.0
337,blastall,94794911,27824,8,3478.0
338,blastall,82604971,19216,8,2402.0
339,blastall,137406819,57912,8,7239.0
340,blastall,86710992,22112,8,2764.0
341,blastall,136981085,57608,8,7201.0
342,blastall,117894701,44136,8,5517.0
343,blastall,125609313,49584,8,6198.0
344,blastall,125074770,49200,8,6150.0
345,blastall,99786138,31344,8,3918.0
346,blastall,124445603,48760,8,6095.0
347,blastall,121937907,46992,8,5874.0
348,blastall,127622717,51000,8,6375.0
349,blastall,63060550,5408,8,676.0
350,blastall,117199771,43640,8,5455.0
351,blastall,106238688,35904,8,4488.0
352,blastall,123331174,47968,8,5996.0
353,blastall,68528065,9272,8,1159.0
354,blastall,123201958,47880,8,5985.0
355,blastall,87848977,22912,8,2864.0
356,blastall,138966166,59016,8,7377.0
357,blastall,129804395,52544,8,6568.0
358,blastall,102955366,33584,8,4198.0
359,blastall,129942778,52640,8,6580.0
360,blastall,122127043,47120,8,5890.0
361,blastall,74174682,13256,8,1657.0
362,blastall,110526314,38928,8,4866.0
363,blastall,69017965,9616,8,1202.0
364,blastall,118597416,44632,8,5579.0
365,blastall,119766101,45456,8,5682.0
366,blastall,88658504,23488,8,2936.0
367,blastall,125779523,49704,8,6213.0
368,blastall,127895962,51192,8,6399.0
369,blastall,121953262,47000,8,5875.0
370,blastall,63060550,5408,8,676.0
371,blastall,71739762,11536,8,1442.0
372,blastall,134687452,55992,8,6999.0
373,blastall,135777152,56760,8,7095.0
374,blastall,125058528,49192,8,6149.0
375,blastall,138166437,58448,8,7306.0
376,blastall,75502897,14200,8,1775.0
377,blastall,137661210,58088,8,7261.0
378,blastall,123224621,47896,8,5987.0
379,blastall,89519797,24096,8,3012.0
380,blastall,93057881,26592,8,3324.0
381,blastall,135423709,56512,8,7064.0
382,blastall,83413511,19784,8,2473.0
383,blastall,67361898,8448,8,1056.0
384,blastall,113693552,41168,8,5146.0
385,blastall,103877541,34232,8,4279.0
386,blastall,100739586,32016,8,4002.0
387,blastall,63060550,5408,8,676.0
388,blastall,91601003,25568,8,3196.0
389,blastall,113303939,40888,8,5111.0
390,blastall,89334812,23968,8,2996.0
391,blastall,128023099,51288,8,6411.0
392,blastall,135867077,56824,8,7103.0
393,blastall,109165459,37968,8,4746.0
394,blastall,95972697,28656,8,3582.0
395,blastall,94503950,27616,8,3452.0
396,blastall,117038127,43528,8,5441.0
397,blastall,111612133,39696,8,4962.0
